translationLine,countryCode,capitalEnglishName,capitalTokiPonaName,status,source,aliases,tokiponizerSuggestion
1,AD,Andorra la Vella,Antola La Wela,generated-fallback,uploaded-tokiponizer,,Antola La Wela
2,AE,Abu Dhabi,Apu Tapi,community-attested,toki-pona-wiktionary-kaikki,,Apu Tapi
3,AF,Kabul,Kapo,community-attested,toki-pona-wiktionary-kaikki,,Kapu
4,AG,St. John's,Te San E,generated-fallback,uploaded-tokiponizer,,Te San E
5,AI,The Valley,Sa Wali,generated-fallback,uploaded-tokiponizer,,Sa Wali
6,AL,Tirana,Tewana,generated-fallback,uploaded-tokiponizer,,Tewana
7,AM,Yerevan,Jelewan,community-attested,toki-pona-wiktionary-kaikki,,Jewawan
8,AO,Luanda,Lanta,generated-fallback,uploaded-tokiponizer,,Lanta
9,AR,Buenos Aires,Puwenosale,community-attested,toki-pona-wiktionary-kaikki,,Pena Ewi
10,AS,Pago Pago,Paka Paka,generated-fallback,uploaded-tokiponizer,,Paka Paka
11,AT,Vienna,Wijen,community-attested,toki-pona-wiktionary-kaikki,,Wena
12,AU,Canberra,Kanpa,community-attested,lipu-wikipesija,,Kanpewa
13,AW,Oranjestad,Owanseta,generated-fallback,uploaded-tokiponizer,,Owanseta
14,AX,Mariehamn,Memen,generated-fallback,uploaded-tokiponizer,,Memen
15,AZ,Baku,Paku,generated-fallback,uploaded-tokiponizer,,Paku
16,BA,Sarajevo,Sawajewe,generated-fallback,uploaded-tokiponizer,,Sawajewe
17,BB,Bridgetown,Pitan,generated-fallback,uploaded-tokiponizer,,Pitan
18,BD,Dhaka,Taka,generated-fallback,uploaded-tokiponizer,,Taka
19,BE,Brussels,Puseli,community-attested,toki-pona-wiktionary-kaikki,Puse,Pasa
20,BF,Ouagadougou,Akatuku,generated-fallback,uploaded-tokiponizer,,Akatuku
21,BG,Sofia,Sopija,community-attested,toki-pona-wiktionary-kaikki,,Sopija
22,BH,Manama,Manama,generated-fallback,uploaded-tokiponizer,,Manama
23,BI,Gitega,Sitaka,generated-fallback,uploaded-tokiponizer,,Sitaka
24,BJ,Porto-Novo,Poto Nowe,generated-fallback,uploaded-tokiponizer,,Poto Nowe
25,BL,Gustavia,Katawija,generated-fallback,uploaded-tokiponizer,,Katawija
26,BM,Hamilton,Amatan,generated-fallback,uploaded-tokiponizer,,Amatan
27,BN,Bandar Seri Begawan,Panta Sewi Pekawan,generated-fallback,uploaded-tokiponizer,,Panta Sewi Pekawan
28,BO,Sucre,Suke,community-attested,toki-pona-wiktionary-kaikki,,Suke
29,BR,Brasília,Pasilija,community-attested,lipu-sona,,Pasija
30,BS,Nassau,Naso,generated-fallback,uploaded-tokiponizer,,Naso
31,BT,Thimphu,Sinpu,community-attested,toki-pona-wiktionary-kaikki,,Sima
32,BW,Gaborone,Kapowan,generated-fallback,uploaded-tokiponizer,,Kapowan
33,BY,Minsk,Min,generated-fallback,uploaded-tokiponizer,,Min
34,BZ,Belmopan,Pemopan,generated-fallback,uploaded-tokiponizer,,Pemopan
35,CA,Ottawa,Alawa,established-2014,sonja-lang-2014,Otawa,Atawa
36,CC,West Island,We Alan,generated-fallback,uploaded-tokiponizer,,We Alan
37,CD,Kinshasa,Kinsasa,community-attested,toki-pona-wiktionary-kaikki,,Kinsasa
38,CF,Bangui,Panku,generated-fallback,uploaded-tokiponizer,,Panku
39,CG,Brazzaville,Pasawi,generated-fallback,uploaded-tokiponizer,,Pasawi
40,CH,Bern,Pen,generated-fallback,uploaded-tokiponizer,,Pen
41,CI,Yamoussoukro,Wamosuko,generated-fallback,uploaded-tokiponizer,,Wamosuko
42,CK,Avarua,Awawa,generated-fallback,uploaded-tokiponizer,,Awawa
43,CL,Santiago,Sansijako,community-attested,toki-pona-wiktionary-kaikki,,Santako
44,CM,Yaounde,jan,generated-fallback,uploaded-tokiponizer,,jan
45,CN,Beijing,Pesin,established-2014,sonja-lang-2014,,Pesin
46,CO,Bogota,Pokota,community-attested,lipu-wikipesija,,Pokata
47,CR,San Jose,San Ose,generated-fallback,uploaded-tokiponizer,,San Ose
48,CU,Havana,Awana,generated-fallback,uploaded-tokiponizer,,Awana
49,CV,Praia,Palaja,community-attested,toki-pona-wiktionary-kaikki,,Pe
50,CW,Willemstad,Wilemeta,generated-fallback,uploaded-tokiponizer,,Wilemeta
51,CX,Flying Fish Cove,Pen Pi Ko,generated-fallback,uploaded-tokiponizer,,Pen Pi Ko
52,CY,Nicosia,Lekosija,community-attested,toki-pona-wiktionary-kaikki,,Nikasija
53,CZ,Prague,Pa,generated-fallback,uploaded-tokiponizer,,Pa
54,DE,Berlin,Pelin,established-2014,sonja-lang-2014,,Pelin
55,DJ,Djibouti,Sipusi,generated-fallback,uploaded-tokiponizer,,Sipusi
56,DK,Copenhagen,Kopanakan,generated-fallback,uploaded-tokiponizer,,Kopanakan
57,DM,Roseau,Wasija,generated-fallback,uploaded-tokiponizer,,Wasija
58,DO,Santo Domingo,Santo Taminko,generated-fallback,uploaded-tokiponizer,,Santo Taminko
59,DZ,Algiers,Asi,generated-fallback,uploaded-tokiponizer,,Asi
60,EC,Quito,Kito,community-attested,toki-pona-wiktionary-kaikki,,Kito
61,EE,Tallinn,Talin,generated-fallback,uploaded-tokiponizer,,Talin
62,EG,Cairo,Akajela,established-2014,sonja-lang-2014,,Kawe
63,EH,El Aaiun,E An,generated-fallback,uploaded-tokiponizer,,E An
64,ER,Asmara,Amawa,generated-fallback,uploaded-tokiponizer,,Amawa
65,ES,Madrid,Masi,community-attested,toki-pona-wiktionary-kaikki,,Mate
66,ET,Addis Ababa,Atapapa,community-attested,toki-pona-wiktionary-kaikki,,Ate Apapa
67,FI,Helsinki,Lesinki,established-2014,sonja-lang-2014,,Esinki
68,FJ,Suva,Suwa,generated-fallback,uploaded-tokiponizer,,Suwa
69,FK,Stanley,Tanli,generated-fallback,uploaded-tokiponizer,,Tanli
70,FM,Palikir,Palike,generated-fallback,uploaded-tokiponizer,,Palike
71,FO,Torshavn,Tosewen,generated-fallback,uploaded-tokiponizer,,Tosewen
72,FR,Paris,Paki,established-2014,sonja-lang-2014,,Pawi
73,GA,Libreville,Lipewi,generated-fallback,uploaded-tokiponizer,,Lipewi
74,GB,London,Lanten,established-2014,sonja-lang-2014,Lontan,Lantan
75,GD,St. George's,Te So E,generated-fallback,uploaded-tokiponizer,,Te So E
76,GE,Tbilisi,Tapisi,generated-fallback,uploaded-tokiponizer,,Tapisi
77,GF,Cayenne,Kan,generated-fallback,uploaded-tokiponizer,,Kan
78,GG,St. Peter Port,Te Pite Po,generated-fallback,uploaded-tokiponizer,,Te Pite Po
79,GH,Accra,Aka,generated-fallback,uploaded-tokiponizer,,Aka
80,GI,Gibraltar,Sipote,generated-fallback,uploaded-tokiponizer,,Sipote
81,GL,Nuuk,Na,generated-fallback,uploaded-tokiponizer,,Na
82,GM,Banjul,Pansa,generated-fallback,uploaded-tokiponizer,,Pansa
83,GN,Conakry,Kanaka,generated-fallback,uploaded-tokiponizer,,Kanaka
84,GP,Basse-Terre,Pa Te,generated-fallback,uploaded-tokiponizer,,Pa Te
85,GQ,Ciudad de la Paz,Sita Te La Pa,generated-fallback,uploaded-tokiponizer,,Sita Te La Pa
86,GR,Athens,Asina,established-2014,sonja-lang-2014,,Asan
87,GS,Grytviken,Sawatewaken,generated-fallback,uploaded-tokiponizer,,Sawatewaken
88,GT,Guatemala City,Katemala,community-attested,toki-pona-wiktionary-kaikki,,Katemala Site
89,GU,Hagatna,Akata,generated-fallback,uploaded-tokiponizer,,Akata
90,GW,Bissau,Piso,generated-fallback,uploaded-tokiponizer,,Piso
91,GY,Georgetown,Sotan,generated-fallback,uploaded-tokiponizer,,Sotan
92,HK,Hong Kong,On Kon,generated-fallback,uploaded-tokiponizer,,On Kon
93,HN,Tegucigalpa,Tekusikapa,generated-fallback,uploaded-tokiponizer,,Tekusikapa
94,HR,Zagreb,Sake,generated-fallback,uploaded-tokiponizer,,Sake
95,HT,Port-au-Prince,Po O Pin,generated-fallback,uploaded-tokiponizer,,Po O Pin
96,HU,Budapest,Putapesi,established-2014,sonja-lang-2014,,Putape
97,ID,Jakarta,Sakata,established-2014,sonja-lang-2014,,Sakata
98,IE,Dublin,Tulin,community-attested,toki-pona-wiktionary-kaikki,,Tapin
99,IL,Jerusalem,Susalan,generated-fallback,uploaded-tokiponizer,,Susalan
100,IM,Douglas,Taka,generated-fallback,uploaded-tokiponizer,,Taka
101,IN,New Delhi,Teli sin,community-attested,toki-pona-wiktionary-kaikki,,Naju Teli
102,IO,Diego Garcia,Teko Kasija,generated-fallback,uploaded-tokiponizer,,Teko Kasija
103,IQ,Baghdad,Paka,generated-fallback,uploaded-tokiponizer,,Paka
104,IR,Tehran,Tewan,generated-fallback,uploaded-tokiponizer,,Tewan
105,IS,Reykjavik,Wekawi,generated-fallback,uploaded-tokiponizer,,Wekawi
106,IT,Rome,Loma,established-2014,sonja-lang-2014,,Wen
107,JE,Saint Helier,Sen Ili,generated-fallback,uploaded-tokiponizer,,Sen Ili
108,JM,Kingston,Kintan,generated-fallback,uploaded-tokiponizer,,Kintan
109,JO,Amman,Aman,community-attested,toki-pona-wiktionary-kaikki,,Aman
110,JP,Tokyo,Tokijo,established-2014,sonja-lang-2014,,Toko
111,KE,Nairobi,Nawepi,generated-fallback,uploaded-tokiponizer,,Nawepi
112,KG,Bishkek,Bike,community-attested,toki-pona-wiktionary-kaikki,,Piki
113,KH,Phnom Penh,Penon Pen,community-attested,toki-pona-wiktionary-kaikki,,Pan Pen
114,KI,South Tarawa,Sa Tawawa,generated-fallback,uploaded-tokiponizer,,Sa Tawawa
115,KM,Moroni,Meni,generated-fallback,uploaded-tokiponizer,,Meni
116,KN,Basseterre,Pate,generated-fallback,uploaded-tokiponizer,,Pate
117,KP,Pyongyang,Ponjan,generated-fallback,uploaded-tokiponizer,,Ponjan
118,KR,Seoul,Solu,established-2014,sonja-lang-2014,,So
119,KW,Kuwait City,Kuwasi Site,generated-fallback,uploaded-tokiponizer,,Kuwasi Site
120,KY,George Town,So Tan,generated-fallback,uploaded-tokiponizer,,So Tan
121,KZ,Astana,Asatana,community-attested,toki-pona-wiktionary-kaikki,,Atana
122,LA,Vientiane,Wintan,generated-fallback,uploaded-tokiponizer,,Wintan
123,LB,Beirut,Pewe,generated-fallback,uploaded-tokiponizer,,Pewe
124,LC,Castries,Kata,generated-fallback,uploaded-tokiponizer,,Kata
125,LI,Vaduz,Wata,generated-fallback,uploaded-tokiponizer,,Wata
126,LK,Sri Jayewardenepura Kotte,Esawa Sewetenpuwa Kata,generated-fallback,uploaded-tokiponizer,,Esawa Sewetenpuwa Kata
127,LR,Monrovia,Manwewija,generated-fallback,uploaded-tokiponizer,,Manwewija
128,LS,Maseru,Masawa,generated-fallback,uploaded-tokiponizer,,Masawa
129,LT,Vilnius,Winija,generated-fallback,uploaded-tokiponizer,,Winija
130,LU,Luxembourg,Lusepu,community-attested,community-place-name-list,,Lusepu
131,LV,Riga,Lika,community-attested,toki-pona-wiktionary-kaikki,,Wika
132,LY,Tripoli,Tepali,generated-fallback,uploaded-tokiponizer,,Tepali
133,MA,Rabat,Wapa,generated-fallback,uploaded-tokiponizer,,Wapa
134,MC,Monaco,Manako,generated-fallback,uploaded-tokiponizer,,Manako
135,MD,Chisinau,Kasino,generated-fallback,uploaded-tokiponizer,,Kasino
136,ME,Podgorica,Pokowisa,community-attested,toki-pona-wiktionary-kaikki,,Patowika
137,MF,Marigot,Mawika,generated-fallback,uploaded-tokiponizer,,Mawika
138,MG,Antananarivo,Antananawawe,generated-fallback,uploaded-tokiponizer,,Antananawawe
139,MH,Majuro,Masawa,generated-fallback,uploaded-tokiponizer,,Masawa
140,MK,Skopje,Kope,generated-fallback,uploaded-tokiponizer,,Kope
141,ML,Bamako,Pamako,generated-fallback,uploaded-tokiponizer,,Pamako
142,MM,Nay Pyi Taw,Ne Pi To,generated-fallback,uploaded-tokiponizer,,Ne Pi To
143,MN,Ulaanbaatar,Ulanpata,community-attested,toki-pona-wiktionary-kaikki,,Ulanpata
144,MO,Macao,Maka,generated-fallback,uploaded-tokiponizer,,Maka
145,MP,Saipan,Sepan,generated-fallback,uploaded-tokiponizer,,Sepan
146,MQ,Fort-de-France,Po Te Kanse,generated-fallback,uploaded-tokiponizer,,Po Te Kanse
147,MR,Nouakchott,Enaka,generated-fallback,uploaded-tokiponizer,,Enaka
148,MS,Plymouth,Pima,generated-fallback,uploaded-tokiponizer,,Pima
149,MT,Valletta,Weleta,generated-fallback,uploaded-tokiponizer,,Weleta
150,MU,Port Louis,Po Lu,generated-fallback,uploaded-tokiponizer,,Po Lu
151,MV,Male,Me,generated-fallback,uploaded-tokiponizer,,Me
152,MW,Lilongwe,Lilonwi,generated-fallback,uploaded-tokiponizer,,Lilonwi
153,MX,Mexico City,Mesiko,established-2014,sonja-lang-2014,,Mesiko Site
154,MY,Kuala Lumpur,Kala Lamu,generated-fallback,uploaded-tokiponizer,,Kala Lamu
155,MZ,Maputo,Maputo,generated-fallback,uploaded-tokiponizer,,Maputo
156,NA,Windhoek,Winto,generated-fallback,uploaded-tokiponizer,,Winto
157,NC,Noumea,Nami,generated-fallback,uploaded-tokiponizer,,Nami
158,NE,Niamey,Nijame,generated-fallback,uploaded-tokiponizer,,Nijame
159,NF,Kingston,Kintan,generated-fallback,uploaded-tokiponizer,,Kintan
160,NG,Abuja,Apasa,generated-fallback,uploaded-tokiponizer,,Apasa
161,NI,Managua,Manaka,generated-fallback,uploaded-tokiponizer,,Manaka
162,NL,Amsterdam,Ansetan,established-2014,sonja-lang-2014,,Ametan
163,NO,Oslo,Alo,generated-fallback,uploaded-tokiponizer,,Alo
164,NP,Kathmandu,Kamantu,generated-fallback,uploaded-tokiponizer,,Kamantu
165,NU,Alofi,Alapi,generated-fallback,uploaded-tokiponizer,,Alapi
166,NZ,Wellington,Welintan,generated-fallback,uploaded-tokiponizer,,Welintan
167,OM,Muscat,Maka,generated-fallback,uploaded-tokiponizer,,Maka
168,PA,Panama City,Panama Site,generated-fallback,uploaded-tokiponizer,,Panama Site
169,PE,Lima,Lima,community-attested,toki-pona-wiktionary-kaikki,,Lama
170,PF,Papeete,Papi,generated-fallback,uploaded-tokiponizer,,Papi
171,PG,Port Moresby,Po Mawipa,generated-fallback,uploaded-tokiponizer,,Po Mawipa
172,PH,Manila,Manila,community-attested,toki-pona-wiktionary-kaikki,,Manila
173,PK,Islamabad,Ilamapa,generated-fallback,uploaded-tokiponizer,,Ilamapa
174,PL,Warsaw,Wasawa,community-attested,toki-pona-wiktionary-kaikki,,Weso
175,PM,Saint-Pierre,Sen Pe,generated-fallback,uploaded-tokiponizer,,Sen Pe
176,PN,Adamstown,Ataman,generated-fallback,uploaded-tokiponizer,,Ataman
177,PR,San Juan,Sanwan,community-attested,toki-pona-wiktionary-kaikki,,San Wan
178,PS,East Jerusalem,I Susalan,generated-fallback,uploaded-tokiponizer,,I Susalan
179,PT,Lisbon,Lipan,generated-fallback,uploaded-tokiponizer,,Lipan
180,PW,Ngerulmud,Enema,generated-fallback,uploaded-tokiponizer,,Enema
181,PY,Asuncion,Asansan,generated-fallback,uploaded-tokiponizer,,Asansan
182,QA,Doha,To,generated-fallback,uploaded-tokiponizer,,To
183,RE,Saint-Denis,Sen Teni,generated-fallback,uploaded-tokiponizer,,Sen Teni
184,RO,Bucharest,Puke,generated-fallback,uploaded-tokiponizer,,Puke
185,RS,Belgrade,Peka,generated-fallback,uploaded-tokiponizer,,Peka
186,RU,Moscow,Makuwa,community-attested,toki-pona-wiktionary-kaikki,,Mako
187,RW,Kigali,Kikali,generated-fallback,uploaded-tokiponizer,,Kikali
188,SA,Riyadh,Wa,generated-fallback,uploaded-tokiponizer,,Wa
189,SB,Honiara,Anawa,generated-fallback,uploaded-tokiponizer,,Anawa
190,SC,Victoria,Wikowija,generated-fallback,uploaded-tokiponizer,,Wikowija
191,SD,Khartoum,Katun,generated-fallback,uploaded-tokiponizer,,Katun
192,SE,Stockholm,Sokon,community-attested,toki-pona-wiktionary-kaikki,,Takon
193,SG,Singapore,Sinapo,generated-fallback,uploaded-tokiponizer,,Sinapo
194,SH,Jamestown,Seman,generated-fallback,uploaded-tokiponizer,,Seman
195,SI,Ljubljana,Jupana,generated-fallback,uploaded-tokiponizer,,Jupana
196,SJ,Longyearbyen,Lonjepen,generated-fallback,uploaded-tokiponizer,,Lonjepen
197,SK,Bratislava,Patelawa,generated-fallback,uploaded-tokiponizer,,Patelawa
198,SL,Freetown,Pitan,generated-fallback,uploaded-tokiponizer,,Pitan
199,SM,San Marino,Samalino,generated-fallback,uploaded-tokiponizer,,Samalino
200,SN,Dakar,Taka,generated-fallback,uploaded-tokiponizer,,Taka
201,SO,Mogadishu,Mokatesu,generated-fallback,uploaded-tokiponizer,,Mokatesu
202,SR,Paramaribo,Pawamawipo,generated-fallback,uploaded-tokiponizer,,Pawamawipo
203,SS,Juba,Supa,generated-fallback,uploaded-tokiponizer,,Supa
204,ST,Sao Tome,Sa Ton,generated-fallback,uploaded-tokiponizer,,Sa Ton
205,SV,San Salvador,San Sawato,generated-fallback,uploaded-tokiponizer,,San Sawato
206,SX,Philipsburg,Pilapepe,generated-fallback,uploaded-tokiponizer,,Pilapepe
207,SY,Damascus,Tamaku,community-attested,toki-pona-wiktionary-kaikki,,Tamaka
208,SZ,Mbabane,Mapan,generated-fallback,uploaded-tokiponizer,,Mapan
209,TC,Cockburn Town,Kaken Tan,generated-fallback,uploaded-tokiponizer,,Kaken Tan
210,TD,N'Djamena,En Tamana,generated-fallback,uploaded-tokiponizer,,En Tamana
211,TF,Port-aux-Francais,Po O Panse,generated-fallback,uploaded-tokiponizer,,Po O Panse
212,TG,Lome,Lan,generated-fallback,uploaded-tokiponizer,,Lan
213,TH,Bangkok,Kunte,established-2014,sonja-lang-2014,,Panka
214,TJ,Dushanbe,Tusanpe,community-attested,toki-pona-wiktionary-kaikki,,Tusanpi
215,TL,Dili,Teli,generated-fallback,uploaded-tokiponizer,,Teli
216,TM,Ashgabat,Asepa,generated-fallback,uploaded-tokiponizer,,Asepa
217,TN,Tunis,Tuni,generated-fallback,uploaded-tokiponizer,,Tuni
218,TO,Nuku'alofa,Naka Alapa,generated-fallback,uploaded-tokiponizer,,Naka Alapa
219,TR,Ankara,Anke,generated-fallback,uploaded-tokiponizer,,Anke
220,TT,Port of Spain,Po A Epanja,generated-fallback,uploaded-tokiponizer,,Po A Epanja
221,TV,Funafuti,Epunapute,generated-fallback,uploaded-tokiponizer,,Epunapute
222,TW,Taipei,Tape,community-attested,toki-pona-wiktionary-kaikki,,Tape
223,TZ,Dodoma,Tatama,generated-fallback,uploaded-tokiponizer,,Tatama
224,UA,Kyiv,Kije,community-attested,lipu-sona-city-names,,Ki
225,UG,Kampala,Kamala,generated-fallback,uploaded-tokiponizer,,Kamala
226,US,Washington,Sisi,community-attested,toki-pona-wiktionary-kaikki,Wasinton,Wasintan
227,UY,Montevideo,Montepitejo,community-attested,toki-pona-wiktionary-kaikki,,Mantawito
228,UZ,Tashkent,Taken,community-attested,toki-pona-wiktionary-kaikki,,Taken
229,VA,Vatican City,Wasikano,established-2014,sonja-lang-2014,,Wasikano Site
230,VC,Kingstown,Kinetan,generated-fallback,uploaded-tokiponizer,,Kinetan
231,VE,Caracas,Keka,generated-fallback,uploaded-tokiponizer,,Keka
232,VG,Road Town,We Tan,generated-fallback,uploaded-tokiponizer,,We Tan
233,VI,Charlotte Amalie,Sala Amali,generated-fallback,uploaded-tokiponizer,,Sala Amali
234,VN,Hanoi,Ja Noje,community-attested,toki-pona-wiktionary-kaikki,,Ano
235,VU,Port Vila,Po Wila,generated-fallback,uploaded-tokiponizer,,Po Wila
236,WF,Mata-Utu,Mata Ata,generated-fallback,uploaded-tokiponizer,,Mata Ata
237,WS,Apia,Apa,generated-fallback,uploaded-tokiponizer,,Apa
238,XK,Pristina,Pitena,generated-fallback,uploaded-tokiponizer,,Pitena
239,YE,Sanaa,Sana,generated-fallback,uploaded-tokiponizer,,Sana
240,YT,Mamoudzou,Ememutesi,generated-fallback,uploaded-tokiponizer,,Ememutesi
241,ZA,Pretoria,Pitowija,generated-fallback,uploaded-tokiponizer,,Pitowija
242,ZM,Lusaka,Lusaka,generated-fallback,uploaded-tokiponizer,,Lusaka
243,ZW,Harare,Ewi,generated-fallback,uploaded-tokiponizer,,Ewi
